<?xml version="1.0" encoding="ISO-8859-1"?>
<!--

    Copyright (c) 2002-2013 "Neo Technology,"
    Network Engine for Objects in Lund AB [http://neotechnology.com]

    This file is part of Neo4j.

    Neo4j is free software: you can redistribute it and/or modify
    it under the terms of the GNU Affero General Public License as
    published by the Free Software Foundation, either version 3 of the
    License, or (at your option) any later version.

    This program is distributed in the hope that it will be useful,
    but WITHOUT ANY WARRANTY; without even the implied warranty of
    MERCHANTABILITY or FITNESS FOR A PARTICULAR PURPOSE.  See the
    GNU Affero General Public License for more details.

    You should have received a copy of the GNU Affero General Public License
    along with this program. If not, see <http://www.gnu.org/licenses/>.

-->
<project name="${project.artifactId}">
    <version position="left" />
    <bannerLeft>
        <name>${project.name}</name>
        <src>images/logos/logo-dark.png</src>
        <href>http://neo4j.org/</href>
    </bannerLeft>
    <body>
        <menu name="${project.name}">
            <item name="Introduction" href="index.html" />
            <item name="Documentation" href="${docs.url}" />
            <item name="JavaDocs" href="apidocs/index.html" />
            <item name="Source Repository" href="${scm.url}" />
        </menu>
        <menu ref="reports" />
    </body>
</project>
