<!--

    Licensed to Neo Technology under one or more contributor
    license agreements. See the NOTICE file distributed with
    this work for additional information regarding copyright
    ownership. Neo Technology licenses this file to you under
    the Apache License, Version 2.0 (the "License"); you may
    not use this file except in compliance with the License.
    You may obtain a copy of the License at

    http://www.apache.org/licenses/LICENSE-2.0

    Unless required by applicable law or agreed to in writing,
    software distributed under the License is distributed on an
    "AS IS" BASIS, WITHOUT WARRANTIES OR CONDITIONS OF ANY
    KIND, either express or implied. See the License for the
    specific language governing permissions and limitations
    under the License.

-->
<assembly>
  <id>site</id>
  <includeBaseDirectory>false</includeBaseDirectory>  
  <formats>
    <format>jar</format>
  </formats>
  <fileSets>
    <fileSet>
      <directory>target/site</directory>
      <outputDirectory>/</outputDirectory>
      <excludes>
        <exclude>apidocs/**</exclude>
      </excludes>
    </fileSet>
    <fileSet>
      <directory>target/neo4j-apidocs</directory>
      <outputDirectory>apidocs</outputDirectory>
    </fileSet>
  </fileSets>
</assembly>
